{"cameraMode":{"drawMode":0,"name":"Shaded","section":"Shading Mode"},"sceneLighting":true,"audioPlay":false,"sceneViewState":{"showFog":true,"showMaterialUpdate":true,"showSkybox":true,"showFlares":true,"showImageEffects":true,"showParticleSystems":true},"in2DMode":false,"pivot":{"x":-3.5743768215179445,"y":-0.43199753761291506,"z":2.7477827072143556},"rotation":{"x":-0.13168731331825257,"y":0.3754916489124298,"z":-0.05399160832166672,"w":-0.9158326387405396},"size":10.0,"orthographic":false}